{
  "30": [
    -156.65415691093287,
    -0.002452705366501315,
    -210.95814092985356,
    -1056.78,
    131.517
  ],
  "31": [
    -148.78838844737245,
    -0.0023346986958147076,
    -195.49789496171203,
    -851.12,
    131.544
  ],
  "32": [
    -126.67220717169509,
    -0.0022036850798235266,
    -172.2171846022727,
    -614.64,
    131.571
  ],
  "33": [
    -101.01736365196399,
    -0.0018785391794593487,
    -143.5289681877056,
    -362.24,
    131.598
  ],
  "34": [
    -74.73518599132606,
    -0.001640016143308408,
    -114.41013467940378,
    -111.00000000000001,
    131.625
  ],
  "35": [
    -44.131161982541585,
    -0.0013507425102271924,
    -75.97397853790234,
    54.02,
    131.651
  ],
  "36": [
    -29.670991210705267,
    -0.0010147695580328747,
    -54.80364191976229,
    222.82000000000002,
    131.679
  ],
  "37": [
    -1.74966807612935,
    -0.0006415683626833472,
    -22.017423682628362,
    582.08,
    131.705
  ],
  "38": [
    41.64310229671056,
    -8.420538352833101e-05,
    32.027388327852066,
    812.5,
    131.732
  ],
  "39": [
    66.18107727677852,
    0.0003002195826413284,
    67.2906675270477,
    992.46,
    131.76
  ],
  "40": [
    98.3137446878926,
    0.0007978054105197696,
    104.51807325416246,
    1129.6799999999998,
    131.787
  ],
  "41": [
    118.11776192092532,
    0.001224518646169133,
    134.03718117253644,
    1248.34,
    131.814
  ],
  "42": [
    132.93143200854064,
    0.0015815594652153347,
    159.31156096196804,
    1329.48,
    131.841
  ],
  "43": [
    156.41129690767255,
    0.0019236615515542052,
    183.91504971811653,
    1382.14,
    131.868
  ],
  "44": [
    159.77417112694556,
    0.0024626340568871807,
    197.10617636684927,
    1392.3999999999999,
    131.895
  ],
  "45": [
    170.35380405689688,
    0.002438833780138275,
    213.19485970356342,
    1380.92,
    131.922
  ],
  "46": [
    175.8036290033241,
    0.002571071608693215,
    219.35844724638196,
    1344.06,
    131.949
  ],
  "47": [
    172.8297745554587,
    0.0028452581551474676,
    223.83874557420506,
    1225.14,
    131.976
  ],
  "48": [
    170.80577174061213,
    0.0026378375638380705,
    217.6512939488876,
    1077.02,
    132.003
  ],
  "49": [
    152.2834822762551,
    0.0024889321721917462,
    205.24249647560308,
    891.78,
    132.03
  ],
  "50": [
    142.29615815700467,
    0.0024961853901555864,
    184.89363139405447,
    667.48,
    132.057
  ],
  "51": [
    115.88149865676954,
    0.00233419952509286,
    158.191427935633,
    424.09999999999997,
    132.084
  ],
  "52": [
    88.59077299971631,
    0.0019615254889696968,
    127.24660990160396,
    173.44,
    132.111
  ],
  "53": [
    62.48346873008735,
    0.0016688668951342935,
    96.17679058010945,
    -66.46,
    132.138
  ],
  "54": [
    31.79517615241028,
    0.0012999174691697615,
    59.580462102140935,
    -187.12,
    132.165
  ],
  "55": [
    15.824289466405407,
    0.0009967604054191069,
    37.42909893085557,
    -519.5,
    132.192
  ],
  "56": [
    -23.871379254841354,
    0.0005220377719322294,
    -11.409035038518482,
    -760.24,
    132.219
  ],
  "57": [
    -57.32301673031624,
    -8.323378235883597e-05,
    -53.803156451541426,
    -953.4599999999999,
    132.246
  ],
  "58": [
    -80.21784344795512,
    -0.00046906089288115127,
    -84.24507303802899,
    -1111.3799999999999,
    132.273
  ],
  "59": [
    -109.86523114230629,
    -0.0009608590968318564,
    -121.55511593424005,
    -1237.8999999999999,
    132.301
  ],
  "60": [
    -125.90926776772815,
    -0.0013595021474989977,
    -147.56743675814948,
    -1336.52,
    132.328
  ],
  "61": [
    -145.28699438329346,
    -0.0017008813870609957,
    -174.4212533985509,
    -1396.6599999999999,
    132.355
  ],
  "62": [
    -160.88705673165015,
    -0.0018934837055675224,
    -197.44120826034617,
    -1425.34,
    132.382
  ],
  "63": [
    -165.365583658326,
    -0.0023778472916626686,
    -211.23671164060858,
    -1423.4,
    132.409
  ],
  "64": [
    -176.3018964666361,
    -0.0022853463858976686,
    -224.97283904281088,
    -1404.2,
    132.436
  ],
  "65": [
    -176.19274728768949,
    -0.002440814424581994,
    -231.09799919822507,
    -1327.18,
    132.462
  ],
  "66": [
    -172.7348911499181,
    -0.0024663704356932686,
    -230.79411651714148,
    -1199.3600000000001,
    132.489
  ],
  "67": [
    -164.98261504649005,
    -0.0023683510581044426,
    -218.43193441686432,
    -1030.94,
    132.516
  ],
  "68": [
    -148.23064810257728,
    -0.002420508798661944,
    -199.84983187182314,
    -827.72,
    132.543
  ],
  "69": [
    -129.85213555740864,
    -0.002418197646694306,
    -179.7074152968277,
    -592.34,
    132.571
  ],
  "70": [
    3.5012096840583955,
    -0.0005455389177350181,
    -17.14335933091815,
    204.76000000000002,
    143.165
  ],
  "71": [
    5.196462961836208,
    -0.0005339603724369667,
    -15.47634189933549,
    251.88000000000002,
    143.192
  ],
  "72": [
    10.323568031879951,
    -0.000466887134380211,
    -10.22542452905035,
    371.32,
    143.22
  ],
  "73": [
    25.571364290359234,
    -0.0002673128768730798,
    8.12730463223271,
    557.08,
    143.247
  ],
  "74": [
    47.712838762558604,
    -5.8625222327839815e-05,
    34.863163824154945,
    774.9799999999999,
    143.274
  ],
  "75": [
    72.59659254528634,
    0.0003004736335475919,
    65.24459626157795,
    1011.8600000000001,
    143.3
  ],
  "76": [
    104.7817097665208,
    0.0008264304005767484,
    104.73169559889143,
    1245.7,
    143.327
  ],
  "77": [
    131.29574645508268,
    0.0012640157355732068,
    144.2607537412749,
    1460.14,
    143.354
  ],
  "78": [
    157.60763318797945,
    0.0019162465917969551,
    185.5714296574796,
    1510.9199999999998,
    143.381
  ],
  "79": [
    171.9458126805984,
    0.0022430820212890473,
    204.8572947561385,
    1498.36,
    143.408
  ],
  "80": [
    178.03708869856825,
    0.002505146583187942,
    218.57874572001987,
    1428.6799999999998,
    143.435
  ],
  "81": [
    176.7919974784751,
    0.002658049859376607,
    219.99534120218783,
    1308.74,
    143.462
  ],
  "82": [
    167.7357242810939,
    0.0025689304963918413,
    214.5007039972242,
    1151.02,
    143.49
  ],
  "83": [
    158.26631252891713,
    0.0025261580009468543,
    200.96708745622135,
    968.28,
    143.517
  ],
  "84": [
    141.79353809511235,
    0.002584647918707897,
    179.59994654555385,
    744.24,
    143.544
  ],
  "85": [
    120.04862680610805,
    0.00236860326851749,
    153.01366370828225,
    503.38000000000005,
    143.571
  ],
  "86": [
    94.7102158237595,
    0.002146041094246213,
    126.81509259724564,
    250.07999999999998,
    143.598
  ],
  "87": [
    63.746998865714865,
    0.0017809820191736908,
    91.77001207951643,
    5.800000000000001,
    143.625
  ],
  "88": [
    35.57934741533399,
    0.0013070359016825808,
    54.84584650743352,
    -137.94,
    143.651
  ],
  "89": [
    16.435118166103404,
    0.0009483206891182077,
    29.03992977880766,
    -306.48,
    143.679
  ],
  "90": [
    -12.10638021744455,
    0.0005014011442084666,
    -6.317932099635355,
    -673.36,
    143.705
  ],
  "91": [
    -51.71132954472938,
    -0.00011925335621292693,
    -57.57431799768524,
    -886.0400000000001,
    143.732
  ],
  "92": [
    -78.55711500642542,
    -0.0006160004600397756,
    -94.7050483180192,
    -1042.92,
    143.76
  ],