{
  "30": [
    -156.65415691093287,
    -0.002452705366501315,
    -210.95814092985356,
    -1056.78,
    131.517
  ],
  "31": [
    -148.78838844737245,
    -0.0023346986958147076,
    -195.49789496171203,
    -851.12,
    131.544
  ],
  "32": [
    -126.67220717169509,
    -0.0022036850798235266,
    -172.2171846022727,
    -614.64,
    131.571
  ],
  "33": [
    -101.01736365196399,
    -0.0018785391794593487,
    -143.5289681877056,
    -362.24,
    131.598
  ],
  "34": [
    -74.73518599132606,
    -0.001640016143308408,
    -114.41013467940378,
    -111.00000000000001,
    131.625
  ],
  "35": [
    -44.131161982541585,
    -0.0013507425102271924,
    -75.97397853790234,
    54.02,
    131.651
  ],
  "36": [
    -29.670991210705267,
    -0.0010147695580328747,
    -54.80364191976229,
    222.82000000000002,
    131.679
  ],
  "37": [
    -1.74966807612935,
    -0.0006415683626833472,
    -22.017423682628362,
    582.08,
    131.705
  ],
  "38": [
    41.64310229671056,
    -8.420538352833101e-05,
    32.027388327852066,
    812.5,
    131.732
  ],
  "39": [
    66.18107727677852,
    0.0003002195826413284,
    67.2906675270477,
    992.46,
    131.76
  ],
  "40": [
    98.3137446878926,
    0.0007978054105197696,
    104.51807325416246,
    1129.6799999999998,
    131.787
  ],
  "41": [
    118.11776192092532,
    0.001224518646169133,
    134.03718117253644,
    1248.34,
    131.814
  ],
  "42": [
    132.93143200854064,
    0.0015815594652153347,
    159.31156096196804,
    1329.48,
    131.841
  ],
  "43": [
    156.41129690767255,
    0.0019236615515542052,
    183.91504971811653,
    1382.14,
    131.868
  ],
  "44": [
    159.77417112694556,
    0.0024626340568871807,
    197.10617636684927,
    1392.3999999999999,
    131.895
  ],
  "45": [
    170.35380405689688,
    0.002438833780138275,
    213.19485970356342,
    1380.92,
    131.922
  ],
  "46": [
    175.8036290033241,
    0.002571071608693215,
    219.35844724638196,
    1344.06,
    131.949
  ],
  "47": [
    172.8297745554587,
    0.0028452581551474676,
    223.83874557420506,
    1225.14,
    131.976
  ],
  "48": [
    170.80577174061213,
    0.0026378375638380705,
    217.6512939488876,
    1077.02,
    132.003
  ],
  "49": [
    152.2834822762551,
    0.0024889321721917462,
    205.24249647560308,
    891.78,
    132.03
  ],
  "80": [
    178.03708869856825,
    0.002505146583187942,
    218.57874572001987,
    1428.6799999999998,
    143.435
  ],
  "81": [
    176.7919974784751,
    0.002658049859376607,
    219.99534120218783,
    1308.74,
    143.462
  ],
  "82": [
    167.7357242810939,
    0.0025689304963918413,
    214.5007039972242,
    1151.02,
    143.49
  ],
  "83": [
    158.26631252891713,
    0.0025261580009468543,
    200.96708745622135,
    968.28,
    143.517
  ],
  "84": [
    141.79353809511235,
    0.002584647918707897,
    179.59994654555385,
    744.24,
    143.544
  ],
  "85": [
    120.04862680610805,
    0.00236860326851749,
    153.01366370828225,
    503.38000000000005,
    143.571
  ],
  "86": [
    94.7102158237595,
    0.002146041094246213,
    126.81509259724564,
    250.07999999999998,
    143.598
  ],
  "87": [
    63.746998865714865,
    0.0017809820191736908,
    91.77001207951643,
    5.800000000000001,
    143.625
  ],
  "88": [
    35.57934741533399,
    0.0013070359016825808,
    54.84584650743352,
    -137.94,
    143.651
  ],
  "89": [
    16.435118166103404,
    0.0009483206891182077,
    29.03992977880766,
    -306.48,
    143.679
  ],
  "90": [
    -12.10638021744455,
    0.0005014011442084666,
    -6.317932099635355,
    -673.36,
    143.705
  ],
  "91": [
    -51.71132954472938,
    -0.00011925335621292693,
    -57.57431799768524,
    -886.0400000000001,
    143.732
  ],
  "92": [
    -78.55711500642542,
    -0.0006160004600397756,
    -94.7050483180192,
    -1042.92,
    143.76
  ],
  "93": [
    -102.89723709066354,
    -0.0011765898862673846,
    -127.9933194708949,
    -1163.1399999999999,
    143.787
  ],
  "94": [
    -123.34888245396826,
    -0.0016071051895696978,
    -157.91507510531886,
    -1259.76,
    143.814
  ],
  "95": [
    -140.04407623739255,
    -0.0019366102572298538,
    -182.2068837483938,
    -1322.28,
    143.841
  ],
  "96": [
    -154.19980612638847,
    -0.0021011954556965917,
    -210.0348902196127,
    -1349.02,
    143.868
  ],
  "97": [
    -161.5281945807212,
    -0.0024450495747936757,
    -219.65720423193721,
    -1351.74,
    143.895
  ],
  "98": [
    -168.83862877926106,
    -0.0025337849177555216,
    -233.87639328483817,
    -1327.68,
    143.922
  ],
  "99": [
    -171.6237373456674,
    -0.0028022087132945073,
    -237.62292685943078,
    -1237.52,
    143.949
  ],
  "130": [
    -106.34378981311167,
    -0.0010065889409691664,
    -126.96195925143624,
    -1191.56,
    144.786
  ],
  "131": [
    -125.76788294024358,
    -0.001451859270747466,
    -156.87378325518497,
    -1286.06,
    144.814
  ],
  "132": [
    -141.8005823598527,
    -0.0018285064369415321,
    -182.1771668896652,
    -1338.8999999999999,
    144.841
  ],
  "133": [
    -159.26670262739788,
    -0.0022421199362314542,
    -208.14260815040805,
    -1367.2,
    144.868
  ],
  "134": [
    -163.05757943932284,
    -0.002383919745836044,
    -225.24061757298492,
    -1367.14,
    144.895
  ],
  "135": [
    -173.75625034436155,
    -0.002585248612411703,
    -236.5499878738969,
    -1341.74,
    144.922
  ],
  "136": [
    -175.27071197780182,
    -0.0027825232392842125,
    -240.74768704347915,
    -1259.82,
    144.949
  ],
  "137": [
    -169.99245785177297,
    -0.0027580362498334926,
    -240.65493136030196,
    -1129.56,
    144.976
  ],
  "138": [
    -162.83451493224277,
    -0.0028189668878703875,
    -228.68586706218,
    -957.98,
    145.003
  ],
  "139": [
    -145.3456438938283,
    -0.002672072568508578,
    -210.13591226058617,
    -755.1999999999999,
    145.03
  ],
  "140": [
    8.638165105556894,
    -0.00052289523050803,
    -13.83896108540766,
    319.62,
    155.705
  ],
  "141": [
    20.507994254059962,
    -0.0003645240826997062,
    0.03135479260291715,
    469.54,
    155.732
  ],
  "142": [
    37.99617509668904,
    -0.00012584052239313082,
    22.69875898315404,
    672.38,
    155.76
  ],
  "143": [
    64.20057686232875,
    0.0002583722624710169,
    56.1839768140605,
    900.22,
    155.787
  ],
  "144": [
    91.66662924888116,
    0.000673346980749695,
    91.66069328345701,
    1134.0,
    155.814
  ],
  "145": [
    120.07133143029343,
    0.0011617487033233204,
    131.12774892646064,
    1362.6200000000001,
    155.841
  ],
  "146": [
    150.4137436646947,
    0.0017440143341412168,
    173.74273514606904,
    1503.26,
    155.868
  ],
  "147": [
    168.7973516405422,
    0.0021460311692414885,
    206.83149823801807,
    1505.7,
    155.895
  ],
  "148": [
    177.78871573863745,
    0.0024922144056310908,
    220.2344166441207,
    1450.28,
    155.922
  ],
  "149": [
    178.49663179192845,
    0.002699036519354603,
    228.4101316997881,
    1345.66,
    155.949
  ],
  "180": [
    111.47646003565282,
    0.0010059968896575788,
    117.47147117408917,
    1251.04,
    156.786
  ],
  "181": [
    132.0575458886344,
    0.0015158648500899208,
    146.1944172929919,
    1338.76,
    156.814
  ],
  "182": [
    147.87470134064898,
    0.0019486381937099395,
    174.92963300649214,
    1390.72,
    156.841
  ],
  "183": [
    161.83494899965743,
    0.0022359919853678356,
    199.34068636875,
    1415.08,
    156.868
  ],