AGroup,ATime,Charge,Charge_Phi,Charge_Quality,Delta_uz,Delta_uz_Phi,Delta_uz_Quality,Ezz_bas,Ezz_bas_Phi,Ezz_bas_Quality,Ezz_haut,Ezz_haut_Phi,Ezz_haut_Quality,G0,G0_Phi,G2,G2_Phi,K1,K1_Phi,P
30-179,144.28269333333336,128.27802583994293,-74.68031833351765,709.7830446432611,0.0002454969163347379,88.63602726217691,727.581766430558,17.574209987344595,-86.73336012064142,635.6601424909509,21.71507916183026,-89.05161470728554,665.6830086328977,8519.515622607978,3.5530417871237745,6894.921055841821,5.8712963737678905,609.8803959640184,8.183654404305457,0.14972375654217543
