AGroup,ATime,Charge,Charge_Phi,Charge_Quality,Delta_uz,Delta_uz_Phi,Delta_uz_Quality,Ezz_bas,Ezz_bas_Phi,Ezz_bas_Quality,Ezz_haut,Ezz_haut_Phi,Ezz_haut_Quality,G0,G0_Phi,G2,G2_Phi,K1,K1_Phi,P
130-149,150.36785,578.3705174879271,45.49950980971504,175.64221006238205,0.0009674502349039188,41.112334089208616,159.8500833855778,73.76701392083623,43.5671621275673,155.5176456720386,93.1322856381489,42.88558355218359,155.6331320315011,9151.291520379727,-6.567652317852257,7248.436397237545,-5.886073742468547,697.7758902963366,-4.112824279493573,0.6750634489774819
180-199,157.04355000000004,1261.4048196539457,-23.60482118852103,12.684253839506281,0.0012968785686227888,-51.09778596502584,50.07392040773089,117.92391944592143,-33.25529720845423,26.69727117041056,138.82737923134678,-36.897328563841455,31.485179997317175,12485.071329840452,1.1504760199332011,10605.17423816822,4.792507375320426,1135.2555138143543,18.992964776504813,1.4722885457766886
30-49,131.77335000000002,1002.1395799914258,-82.26176546097469,25.095456001356496,0.0025636686156271307,84.36727812871018,4.6462281324187265,157.54921793256378,89.04264903436867,11.994464660462564,207.45658193303726,87.4868483382808,9.525924302565796,7424.212786134364,0.19558550465666258,5638.186589799103,1.7513862007445198,456.2519941502969,4.870956410315131,1.1696789182204095
80-99,143.69225,1319.0640973803943,-62.280200907083604,11.096308890690203,0.002707965716146422,-73.34303100758804,7.458590897715964,174.5524568941102,-68.41897154478069,2.142842033853418,227.64978683978325,-69.93306205529979,1.6760104562804075,8820.198944741885,-2.3612293623029146,6762.964365009815,-0.8471388517838179,568.5402096930712,2.562830100504435,1.5395873960995343
