AGroup,ATime,Charge,Charge_Phi,Charge_Quality,Delta_uz,Delta_uz_Phi,Delta_uz_Quality,Ezz_bas,Ezz_bas_Phi,Ezz_bas_Quality,Ezz_haut,Ezz_haut_Phi,Ezz_haut_Quality,G0,G0_Phi,G2,G2_Phi,K1,K1_Phi,P
30-99,136.97795714285718,212.013227898516,87.37749437221963,416.9456504145545,0.0006905246440669975,70.81674562653451,225.82057074183828,42.32409581395684,75.44555452107123,245.20793340681757,56.55975713628908,72.71807646065315,233.40606160579097,5846.739126392953,3.4319398511483996,4375.159291939305,6.159417911566479,358.36222372485844,8.060748745685117,0.2474579469846656
130-199,154.84667142857137,826.3493551234416,-38.01991550739423,70.32347080586678,0.00191140248934473,82.28333424587902,59.03670311741983,98.58426090171669,-70.77446031404777,74.20451961330839,131.68019623631554,-79.73723088008909,71.88581345835318,9783.506885249135,24.25454480665354,7324.562256713488,33.217315372694856,504.6031909479168,51.19675024672675,0.9644997953091423
