,Amplitude,phi,Quality (%),value
Ezz_bas,171.80830603031228,-68.32038667408487,4.451703124812397,
Delta_uz,0.002814074078784779,-86.18236665533703,6.597404814590764,
Ezz_haut,225.01059250948617,-73.68601111585919,4.803959936392062,
Charge,1386.26783897314,-46.84894673405337,5.228115924630884,
time,144.09770000000006,144.09770000000006,144.09770000000006,144.09770000000006
P,1.6180263694082617,,,
G0,,12.971439940031502,,9417.625997213381
K1,,30.833419921283664,,574976466.187054
G2,,18.337064381805817,,7190.889777067041
