AGroup,ATime,Charge,Charge_Phi,Charge_Quality,Delta_uz,Delta_uz_Phi,Delta_uz_Quality,Ezz_bas,Ezz_bas_Phi,Ezz_bas_Quality,Ezz_haut,Ezz_haut_Phi,Ezz_haut_Quality,G0,G0_Phi,G2,G2_Phi,K1,K1_Phi,P
30-179,144.28269333333333,128.278025839943,-74.68031833351766,709.7830446432606,0.00024549691633473774,88.63602726217691,727.5817664305586,17.57420998734459,-86.73336012064142,635.6601424909511,21.71507916183025,-89.05161470728551,665.683008632898,8519.515622607985,3.5530417871237603,6894.92105584183,5.871296373767848,609.8803959640192,8.183654404305429,0.14972375654217554
