AGroup,ATime,Charge,Charge_Phi,Charge_Quality,Delta_uz,Delta_uz_Phi,Delta_uz_Quality,Ezz_bas,Ezz_bas_Phi,Ezz_bas_Quality,Ezz_haut,Ezz_haut_Phi,Ezz_haut_Quality,G0,G0_Phi,G2,G2_Phi,K1,K1_Phi,P
0-69,131.63817142857138,1392.0561629300785,-52.654548109181135,6.28565880570438,0.002513604112888139,-87.7608609381626,5.0762457009509205,173.06148396613207,-73.53814678533247,4.295513522714086,220.68217598260668,-77.85314839547479,3.9204851902916094,9388.469101383773,12.383598676151337,7362.544743911322,16.698600286293654,646.395502985064,26.60631282898146,1.6247823948556541
70-139,144.09770000000003,1386.26783897314,-46.84894673405337,5.228115924630885,0.002814074078784779,-86.18236665533703,6.597404814590764,171.80830603031225,-68.32038667408487,4.451703124812402,225.01059250948617,-73.68601111585919,4.8039599363920615,9417.625997213383,12.971439940031502,7190.889777067041,18.337064381805817,574.976466187054,30.833419921283664,1.6180263694082617
140-209,156.6408571428571,1373.2512866564225,-44.94523901995535,4.970708244710612,0.0029818796534099076,-86.81468951186679,6.0279205669470235,172.65075846670067,-67.4462947933766,4.238790723955049,227.4488829329081,-73.42564272693782,4.211997477005855,9283.675917593171,14.001055773421243,7047.006201407906,19.98040370698247,537.5246069030972,33.36945049191144,1.6028336885315042
